node_id,name,x_coord,y_coord,node_type,ctrl_type,zone_id,geometry
1,,762.773499,410.070511,,,0,"POINT (762.773499 410.070511)"
2,,604.995724,413.104699,,,0,"POINT (604.995724 413.104699)"
3,,452.527777,412.346152,,,0,"POINT (452.527777 412.346152)"
4,,244.685899,408.553417,,,0,"POINT (244.685899 408.553417)"
5,,36.844022,408.553417,,,0,"POINT (36.844022 408.553417)"
6,,606.212261,301.247641,,,0,"POINT (606.212261 301.247641)"
7,,456.028006,299.049822,,,0,"POINT (456.028006 299.049822)"
